{
  "hash": "16b9d1a1",
  "configHash": "0e0f8aca",
  "lockfileHash": "9b895b38",
  "browserHash": "e9350397",
  "optimized": {
    "@angular/common": {
      "src": "../../../../../node_modules/@angular/common/fesm2022/common.mjs",
      "file": "@angular_common.js",
      "fileHash": "f2ca37dd",
      "needsInterop": false
    },
    "@angular/common/http": {
      "src": "../../../../../node_modules/@angular/common/fesm2022/http.mjs",
      "file": "@angular_common_http.js",
      "fileHash": "b4319ec8",
      "needsInterop": false
    },
    "@angular/core": {
      "src": "../../../../../node_modules/@angular/core/fesm2022/core.mjs",
      "file": "@angular_core.js",
      "fileHash": "98037f29",
      "needsInterop": false
    },
    "@angular/forms": {
      "src": "../../../../../node_modules/@angular/forms/fesm2022/forms.mjs",
      "file": "@angular_forms.js",
      "fileHash": "1f0fb8e8",
      "needsInterop": false
    },
    "@angular/material/tabs": {
      "src": "../../../../../node_modules/@angular/material/fesm2022/tabs.mjs",
      "file": "@angular_material_tabs.js",
      "fileHash": "35b824bd",
      "needsInterop": false
    },
    "@angular/platform-browser": {
      "src": "../../../../../node_modules/@angular/platform-browser/fesm2022/platform-browser.mjs",
      "file": "@angular_platform-browser.js",
      "fileHash": "c9dcd5f2",
      "needsInterop": false
    },
    "@angular/platform-browser/animations/async": {
      "src": "../../../../../node_modules/@angular/platform-browser/fesm2022/animations/async.mjs",
      "file": "@angular_platform-browser_animations_async.js",
      "fileHash": "1603cdd5",
      "needsInterop": false
    },
    "@angular/router": {
      "src": "../../../../../node_modules/@angular/router/fesm2022/router.mjs",
      "file": "@angular_router.js",
      "fileHash": "86d3f193",
      "needsInterop": false
    },
    "@ng-bootstrap/ng-bootstrap": {
      "src": "../../../../../node_modules/@ng-bootstrap/ng-bootstrap/fesm2022/ng-bootstrap.mjs",
      "file": "@ng-bootstrap_ng-bootstrap.js",
      "fileHash": "06e51c80",
      "needsInterop": false
    },
    "highcharts": {
      "src": "../../../../../node_modules/highcharts/highcharts.js",
      "file": "highcharts.js",
      "fileHash": "ee154c1a",
      "needsInterop": true
    },
    "highcharts-angular": {
      "src": "../../../../../node_modules/highcharts-angular/fesm2022/highcharts-angular.mjs",
      "file": "highcharts-angular.js",
      "fileHash": "b0f02940",
      "needsInterop": false
    },
    "highcharts/highstock": {
      "src": "../../../../../node_modules/highcharts/highstock.js",
      "file": "highcharts_highstock.js",
      "fileHash": "841305b0",
      "needsInterop": true
    },
    "highcharts/indicators/indicators": {
      "src": "../../../../../node_modules/highcharts/indicators/indicators.js",
      "file": "highcharts_indicators_indicators.js",
      "fileHash": "aa3f1520",
      "needsInterop": true
    },
    "highcharts/indicators/volume-by-price": {
      "src": "../../../../../node_modules/highcharts/indicators/volume-by-price.js",
      "file": "highcharts_indicators_volume-by-price.js",
      "fileHash": "540f99d6",
      "needsInterop": true
    },
    "rxjs": {
      "src": "../../../../../node_modules/rxjs/dist/esm5/index.js",
      "file": "rxjs.js",
      "fileHash": "bc21d235",
      "needsInterop": false
    },
    "rxjs/operators": {
      "src": "../../../../../node_modules/rxjs/dist/esm5/operators/index.js",
      "file": "rxjs_operators.js",
      "fileHash": "707e1483",
      "needsInterop": false
    }
  },
  "chunks": {
    "browser-LN2MCSJB": {
      "file": "browser-LN2MCSJB.js"
    },
    "chunk-UA2I7KTF": {
      "file": "chunk-UA2I7KTF.js"
    },
    "chunk-44EEVO52": {
      "file": "chunk-44EEVO52.js"
    },
    "chunk-NO77753N": {
      "file": "chunk-NO77753N.js"
    },
    "chunk-PARYADKO": {
      "file": "chunk-PARYADKO.js"
    },
    "chunk-TRZDYZC4": {
      "file": "chunk-TRZDYZC4.js"
    },
    "chunk-QWS7MIFW": {
      "file": "chunk-QWS7MIFW.js"
    },
    "chunk-SG3BCSKH": {
      "file": "chunk-SG3BCSKH.js"
    },
    "chunk-SAVXX6OM": {
      "file": "chunk-SAVXX6OM.js"
    },
    "chunk-PQ7O3X3G": {
      "file": "chunk-PQ7O3X3G.js"
    },
    "chunk-WKYGNSYM": {
      "file": "chunk-WKYGNSYM.js"
    }
  }
}